smiles,ec_reduction,dm_reduction,pf6_decomposition,polymerization
CC(=O)OC1=CC(=O)O1,0.474836,0.462305,1.324969,0.377813
C1CC(=O)OC1,0.545264,0.628811,1.317731,0.435176
COC(=O)C1=CC=CC=C1,0.675482,0.830927,1.306422,0.509172
COC(=O)OC,0.527444,0.496984,1.184774,0.344778
CC(=O)OC,0.494802,0.642973,1.186164,0.317543
C1CCC(=O)OC1,0.661462,0.665118,1.261651,0.348973
COC(=O)CN(C)C,0.451841,0.556465,1.16758,0.362965
CC1=CC=CC=C1C(=O)OC,0.686455,0.809375,1.310167,0.634054
OC1CCOC1,0.472353,0.491097,1.278427,0.276094
C1COCCO1,0.567719,0.542884,1.142171,0.404915
CC(C)OC(=O)C,0.644655,0.70746,1.264713,0.419819
COC(=O)C(C)C,0.522406,0.64979,1.240338,0.47918
CCC(=O)OC,0.593833,0.574998,1.267274,0.39231
CC(C)C(=O)OC,0.562486,0.716366,1.31492,0.472888
C1CCC(C)OO1,0.602011,0.725107,1.279328,0.508871
COC(=O)C1CC1,0.552693,0.653867,1.195753,0.351754
C1CCOC1,0.70668,0.833774,1.214699,0.519525
CCOC(=O)C,0.594734,0.630894,1.26914,0.488466
C=CC(=O)OC,0.556941,0.720774,1.108883,0.439219
CC(C)OC,0.689958,0.773497,1.235108,0.384634
C1CCC1,0.763848,0.908912,1.301915,0.51771
CC1=CC=CC=C1O,0.691185,0.816263,1.388761,0.573015
COC1=CC=C(C=C1)C(=O)OC,0.616375,0.764956,1.357277,0.540826
CC(C)(C)OC(=O)C,0.603837,0.718398,1.270395,0.385104
C1=CC=C(C=C1)C(F)(F)F,0.941238,1.07845,1.325526,0.680595
C1=CC=C(C=C1)C(F)(F)F,0.855663,1.044365,1.308134,0.65221
C1=CC=C(C=C1)C(F)(F)F,0.918368,1.085599,1.419579,0.701053
C1=CC=C(C=C1)C(F)(F)C(F)(F)F,0.962878,1.096278,1.25443,0.698674
C1=CC=C(C=C1)C(F)(F)C(F)(F)F,0.953012,1.223162,1.34075,0.715077
FC(F)(F)C(F)(F)C(F)(F)C(F)(F)F,0.918792,1.000173,1.376221,0.690493
C1=CC=C(C=C1)C(=O)OC(F)(F)F,0.809708,0.84021,1.444233,0.515766
C1=CC(=C(C=C1)C(=O)OC)C(F)(F)F,0.80266,0.998837,1.326245,0.555748
C1=CC(=C(C=C1)C(=O)OC(F)(F)F)C(F)(F)F,0.8495,0.946021,1.342738,0.640891
C1=CC(=C(C=C1)C(=O)OC(F)(F)F)C(F)(F)C(F)(F)F,0.836869,1.047161,1.402494,0.745935
C1=CC(=C(C=C1)C(=O)OC(F)(F)F)C(F)(F)C(F)(F)F,0.850821,1.007379,1.489141,0.606895
C1=CC(=C(C=C1)C(=O)OC(F)(F)F)C(F)(F)C(F)(F)C(F)(F)F,0.948014,1.142495,1.397078,0.709232
C1=CC(=C(C=C1)C(=O)OC(F)(F)F)C(F)(F)C(F)(F)C(F)(F)C(F)(F)F,0.962994,1.139091,1.438152,0.633977
C1=CC(=C(C=C1)C(=O)OC(F)(F)F)C(F)(F)C(F)(F)C(F)(F)C(F)(F)F,0.976097,1.114849,1.512525,0.717322
C1=CC(=C(C=C1)C(=O)OC(F)(F)F)C(F)(F)C(F)(F)C(F)(F)C(F)(F)C(F)(F)F,0.915999,1.111613,1.514654,0.664282
C1=CC(=C(C=C1)C(F)(F)F)C(F)(F)C(F)(F)C(F)(F)C(F)(F)F,1.043289,1.123692,1.394162,0.732828
C1=CC(=C(C=C1)C(F)(F)F)C(F)(F)C(F)(F)C(F)(F)F,0.901266,1.139354,1.48267,0.658966
C1=CC(=C(C=C1)C(F)(F)C(F)(F)F)C(F)(F)C(F)(F)C(F)(F)F,0.998169,1.120639,1.49483,0.79484
C1=CC(=C(C=C1)C(F)(F)C(F)(F)C(F)(F)F)C(F)(F)F,0.937731,1.062313,1.380264,0.659209
C1=CC(=C(C=C1)C(F)(F)C(F)(F)C(F)(F)C(F)(F)F)C(F)(F)F,0.946145,1.117058,1.467562,0.741359
C1=CC(=C(C=C1)C(F)(F)C(F)(F)C(F)(F)C(F)(F)C(F)(F)F)C(F)(F)F,0.95065,1.172677,1.470037,0.836008
C1=CC(=C(C=C1)C(F)(F)C(F)(F)C(F)(F)C(F)(F)C(F)(F)F)C(F)(F)F,0.981283,1.057142,1.429725,0.724124
C1=CC(=C(C=C1)C(F)(F)C(F)(F)C(F)(F)C(F)(F)C(F)(F)C(F)(F)F)C(F)(F)F,0.938827,1.1357,1.523662,0.696359
C1=CC(=C(C=C1)C(F)(F)C(F)(F)C(F)(F)C(F)(F)C(F)(F)C(F)(F)C(F)(F)F)C(F)(F)F,0.90766,1.024258,1.477674,0.74282
C1=CC(=C(C=C1)C(F)(F)C(F)(F)C(F)(F)C(F)(F)C(F)(F)C(F)(F)C(F)(F)C(F)(F)F)C(F)(F)F,0.960705,1.037713,1.508659,0.719266
CC(=O)OC1=CC(=O)O1,0.405807,0.476905,1.295495,0.244513
C1CC(=O)OC1,0.574861,0.668557,1.292923,0.449494
COC(=O)C1=CC=CC=C1,0.630073,0.756908,1.355345,0.558148
COC(=O)OC,0.541098,0.785284,1.299565,0.42967
CC(=O)OC,0.593144,0.65983,1.215802,0.426106
C1CCC(=O)OC1,0.549539,0.664566,1.234007,0.424304
COC(=O)CN(C)C,0.594793,0.457556,1.259443,0.263544
CC1=CC=CC=C1C(=O)OC,0.69289,0.878407,1.343466,0.487553
OC1CCOC1,0.437263,0.577962,1.200782,0.347959
C1COCCO1,0.559555,0.608287,1.315777,0.426768
CC(C)OC(=O)C,0.506475,0.708215,1.237406,0.477496
COC(=O)C(C)C,0.556706,0.680045,1.288619,0.469612
CCC(=O)OC,0.516637,0.646425,1.227323,0.378898
CC(C)C(=O)OC,0.684605,0.706031,1.200326,0.472217
C1CCC(C)OO1,0.75008,0.792191,1.186797,0.435882
COC(=O)C1CC1,0.639998,0.627766,1.273261,0.450296
C1CCOC1,0.619707,0.762986,1.056237,0.418129
CCOC(=O)C,0.564024,0.600761,1.332691,0.340057
C=CC(=O)OC,0.53673,0.649079,1.311934,0.326331
CC(C)OC,0.743764,0.788959,1.181445,0.507117
C1CCC1,0.784785,0.861046,1.23151,0.524358
CC1=CC=CC=C1O,0.737285,0.874458,1.422292,0.494686
COC1=CC=C(C=C1)C(=O)OC,0.749515,0.641688,1.344833,0.521809
CC(C)(C)OC(=O)C,0.65299,0.703646,1.279594,0.43363
C1=CC=C(C=C1)C(F)(F)F,0.896964,1.107877,1.343121,0.657679
C1=CC=C(C=C1)C(F)(F)F,0.971412,1.080762,1.365913,0.723805
C1=CC=C(C=C1)C(F)(F)F,0.884982,1.037388,1.362635,0.722843
C1=CC=C(C=C1)C(F)(F)C(F)(F)F,0.948955,1.105866,1.414252,0.670421
C1=CC=C(C=C1)C(F)(F)C(F)(F)F,0.977355,1.08989,1.339484,0.754939
FC(F)(F)C(F)(F)C(F)(F)C(F)(F)F,0.961799,1.099283,1.384354,0.653946
C1=CC=C(C=C1)C(=O)OC(F)(F)F,0.804254,0.870166,1.390302,0.579352
C1=CC(=C(C=C1)C(=O)OC)C(F)(F)F,0.778167,0.919073,1.33486,0.688682
C1=CC(=C(C=C1)C(=O)OC(F)(F)F)C(F)(F)F,0.794216,0.910485,1.478177,0.677046
C1=CC(=C(C=C1)C(=O)OC(F)(F)F)C(F)(F)C(F)(F)F,0.92119,1.054899,1.447853,0.623575
C1=CC(=C(C=C1)C(=O)OC(F)(F)F)C(F)(F)C(F)(F)F,0.893774,0.989624,1.497221,0.661085
C1=CC(=C(C=C1)C(=O)OC(F)(F)F)C(F)(F)C(F)(F)C(F)(F)F,0.895366,1.061068,1.498099,0.671814
C1=CC(=C(C=C1)C(=O)OC(F)(F)F)C(F)(F)C(F)(F)C(F)(F)C(F)(F)F,0.908889,1.112184,1.512248,0.674653
C1=CC(=C(C=C1)C(=O)OC(F)(F)F)C(F)(F)C(F)(F)C(F)(F)C(F)(F)F,0.926448,1.111602,1.427596,0.629627
C1=CC(=C(C=C1)C(=O)OC(F)(F)F)C(F)(F)C(F)(F)C(F)(F)C(F)(F)C(F)(F)F,0.914078,1.089328,1.515545,0.773768
C1=CC(=C(C=C1)C(F)(F)F)C(F)(F)C(F)(F)C(F)(F)C(F)(F)F,0.992883,1.092003,1.452776,0.649874
C1=CC(=C(C=C1)C(F)(F)F)C(F)(F)C(F)(F)C(F)(F)F,0.949074,1.085567,1.440876,0.658638
C1=CC(=C(C=C1)C(F)(F)C(F)(F)F)C(F)(F)C(F)(F)C(F)(F)F,0.975967,1.176637,1.448289,0.720086
C1=CC(=C(C=C1)C(F)(F)C(F)(F)C(F)(F)F)C(F)(F)F,0.984507,1.079939,1.435945,0.70063
C1=CC(=C(C=C1)C(F)(F)C(F)(F)C(F)(F)C(F)(F)F)C(F)(F)F,0.954884,1.06135,1.454953,0.7249
C1=CC(=C(C=C1)C(F)(F)C(F)(F)C(F)(F)C(F)(F)C(F)(F)F)C(F)(F)F,1.022557,1.147964,1.590929,0.661633
C1=CC(=C(C=C1)C(F)(F)C(F)(F)C(F)(F)C(F)(F)C(F)(F)F)C(F)(F)F,0.993616,1.109167,1.59276,0.659585
C1=CC(=C(C=C1)C(F)(F)C(F)(F)C(F)(F)C(F)(F)C(F)(F)C(F)(F)F)C(F)(F)F,0.908014,1.07003,1.393805,0.673712
C1=CC(=C(C=C1)C(F)(F)C(F)(F)C(F)(F)C(F)(F)C(F)(F)C(F)(F)C(F)(F)F)C(F)(F)F,0.912043,1.10752,1.517088,0.793809
C1=CC(=C(C=C1)C(F)(F)C(F)(F)C(F)(F)C(F)(F)C(F)(F)C(F)(F)C(F)(F)C(F)(F)F)C(F)(F)F,0.997521,1.071155,1.455079,0.724596
CC(=O)OC1=CC(=O)O1,0.383988,0.560791,1.351557,0.278203
C1CC(=O)OC1,0.471315,0.708211,1.233043,0.458695
COC(=O)C1=CC=CC=C1,0.619235,0.773831,1.329856,0.534808
COC(=O)OC,0.492843,0.62379,1.217639,0.365773
CC(=O)OC,0.551459,0.652983,1.267146,0.331926
C1CCC(=O)OC1,0.511474,0.740291,1.274891,0.382786
COC(=O)CN(C)C,0.556618,0.556703,1.284095,0.347556
CC1=CC=CC=C1C(=O)OC,0.819524,0.911727,1.327804,0.590019
OC1CCOC1,0.505297,0.612414,1.189054,0.371439
C1COCCO1,0.610197,0.55293,1.149417,0.29311
CC(C)OC(=O)C,0.594262,0.734769,1.345613,0.438579
COC(=O)C(C)C,0.677763,0.616777,1.178201,0.423547
CCC(=O)OC,0.595855,0.661515,1.147698,0.407108
CC(C)C(=O)OC,0.531109,0.719265,1.2817,0.37933
C1CCC(C)OO1,0.618279,0.687607,1.259631,0.507851
COC(=O)C1CC1,0.527366,0.688352,1.224557,0.37192
C1CCOC1,0.660702,0.7142,1.190618,0.409454
CCOC(=O)C,0.674888,0.664913,1.216084,0.422263
C=CC(=O)OC,0.553116,0.631493,1.270578,0.435999
CC(C)OC,0.659081,0.759656,1.216767,0.368916
C1CCC1,0.699072,0.959401,1.310268,0.531172
CC1=CC=CC=C1O,0.760437,0.856914,1.496935,0.612556
COC1=CC=C(C=C1)C(=O)OC,0.636467,0.691516,1.2721,0.502567
CC(C)(C)OC(=O)C,0.601122,0.663668,1.257671,0.404203
C1=CC=C(C=C1)C(F)(F)F,1.010789,1.109479,1.324871,0.766321
C1=CC=C(C=C1)C(F)(F)F,0.9303,1.022333,1.401426,0.71927
C1=CC=C(C=C1)C(F)(F)F,0.87457,1.05588,1.281489,0.623184
C1=CC=C(C=C1)C(F)(F)C(F)(F)F,0.996309,1.195471,1.28044,0.728148
C1=CC=C(C=C1)C(F)(F)C(F)(F)F,0.917468,1.075644,1.320749,0.6568
FC(F)(F)C(F)(F)C(F)(F)C(F)(F)F,0.922954,1.01706,1.332603,0.650384
C1=CC=C(C=C1)C(=O)OC(F)(F)F,0.758209,0.840301,1.345255,0.623628
C1=CC(=C(C=C1)C(=O)OC)C(F)(F)F,0.798363,0.840437,1.380738,0.621632
C1=CC(=C(C=C1)C(=O)OC(F)(F)F)C(F)(F)F,0.761047,0.998363,1.38714,0.665993
C1=CC(=C(C=C1)C(=O)OC(F)(F)F)C(F)(F)C(F)(F)F,0.851821,0.933237,1.367088,0.670842
C1=CC(=C(C=C1)C(=O)OC(F)(F)F)C(F)(F)C(F)(F)F,0.90297,0.978266,1.480395,0.585362
C1=CC(=C(C=C1)C(=O)OC(F)(F)F)C(F)(F)C(F)(F)C(F)(F)F,0.933337,1.016587,1.44486,0.70237
C1=CC(=C(C=C1)C(=O)OC(F)(F)F)C(F)(F)C(F)(F)C(F)(F)C(F)(F)F,0.906979,1.080772,1.550315,0.671155
C1=CC(=C(C=C1)C(=O)OC(F)(F)F)C(F)(F)C(F)(F)C(F)(F)C(F)(F)F,0.991785,1.043515,1.52649,0.772078
C1=CC(=C(C=C1)C(=O)OC(F)(F)F)C(F)(F)C(F)(F)C(F)(F)C(F)(F)C(F)(F)F,0.826418,1.060155,1.528854,0.689848
C1=CC(=C(C=C1)C(F)(F)F)C(F)(F)C(F)(F)C(F)(F)C(F)(F)F,0.968557,1.069801,1.458057,0.692216
C1=CC(=C(C=C1)C(F)(F)F)C(F)(F)C(F)(F)C(F)(F)F,1.008389,1.112721,1.44162,0.679406
C1=CC(=C(C=C1)C(F)(F)C(F)(F)F)C(F)(F)C(F)(F)C(F)(F)F,0.92562,1.078372,1.47345,0.678951
C1=CC(=C(C=C1)C(F)(F)C(F)(F)C(F)(F)F)C(F)(F)F,0.964489,1.20377,1.468296,0.683699
C1=CC(=C(C=C1)C(F)(F)C(F)(F)C(F)(F)C(F)(F)F)C(F)(F)F,1.010061,1.079596,1.351821,0.649596
C1=CC(=C(C=C1)C(F)(F)C(F)(F)C(F)(F)C(F)(F)C(F)(F)F)C(F)(F)F,0.85646,1.082424,1.484191,0.783822
C1=CC(=C(C=C1)C(F)(F)C(F)(F)C(F)(F)C(F)(F)C(F)(F)F)C(F)(F)F,0.966346,1.089045,1.52474,0.589443
C1=CC(=C(C=C1)C(F)(F)C(F)(F)C(F)(F)C(F)(F)C(F)(F)C(F)(F)F)C(F)(F)F,0.961781,1.138543,1.426071,0.757188
C1=CC(=C(C=C1)C(F)(F)C(F)(F)C(F)(F)C(F)(F)C(F)(F)C(F)(F)C(F)(F)F)C(F)(F)F,0.966925,1.079236,1.531639,0.813535
C1=CC(=C(C=C1)C(F)(F)C(F)(F)C(F)(F)C(F)(F)C(F)(F)C(F)(F)C(F)(F)C(F)(F)F)C(F)(F)F,0.959093,1.112411,1.477032,0.657508
CC(=O)OC1=CC(=O)O1,0.491517,0.426414,1.296163,0.277779
C1CC(=O)OC1,0.580921,0.657201,1.290647,0.371303
COC(=O)C1=CC=CC=C1,0.685462,0.754861,1.307379,0.551324
COC(=O)OC,0.553195,0.54654,1.3145,0.440674
CC(=O)OC,0.566116,0.7211,1.192876,0.325925
C1CCC(=O)OC1,0.499244,0.751209,1.290993,0.417431
COC(=O)CN(C)C,0.493058,0.494645,1.347418,0.350641
CC1=CC=CC=C1C(=O)OC,0.721956,0.860248,1.364303,0.552634
OC1CCOC1,0.433504,0.567556,1.331401,0.404407
C1COCCO1,0.636935,0.615307,1.1591,0.388783
CC(C)OC(=O)C,0.610518,0.753601,1.185872,0.511352
COC(=O)C(C)C,0.588432,0.664438,1.212765,0.343581
CCC(=O)OC,0.617811,0.666816,1.186572,0.34681
CC(C)C(=O)OC,0.579543,0.769233,1.25039,0.351167
C1CCC(C)OO1,0.631685,0.726932,1.127921,0.457379
COC(=O)C1CC1,0.565105,0.69796,1.343518,0.467892
C1CCOC1,0.65261,0.710636,1.346968,0.472309
CCOC(=O)C,0.577348,0.661944,1.260974,0.404346
C=CC(=O)OC,0.530049,0.615199,1.238232,0.370953
CC(C)OC,0.649964,0.793768,1.217771,0.559212
C1CCC1,0.642284,0.945632,1.290324,0.439954
CC1=CC=CC=C1O,0.714475,0.822779,1.272615,0.517686
COC1=CC=C(C=C1)C(=O)OC,0.587334,0.826906,1.399207,0.555971
CC(C)(C)OC(=O)C,0.675024,0.678328,1.263774,0.482749
C1=CC=C(C=C1)C(F)(F)F,0.865326,1.101047,1.313254,0.673583
C1=CC=C(C=C1)C(F)(F)F,0.96198,1.08761,1.307222,0.75029
C1=CC=C(C=C1)C(F)(F)F,0.872379,1.096194,1.354925,0.676847
C1=CC=C(C=C1)C(F)(F)C(F)(F)F,0.966307,1.037444,1.39657,0.690755
C1=CC=C(C=C1)C(F)(F)C(F)(F)F,0.923864,1.15245,1.315151,0.629577
FC(F)(F)C(F)(F)C(F)(F)C(F)(F)F,0.842697,1.088908,1.255059,0.740636
C1=CC=C(C=C1)C(=O)OC(F)(F)F,0.66606,0.970502,1.384644,0.581023
C1=CC(=C(C=C1)C(=O)OC)C(F)(F)F,0.746071,0.909272,1.37389,0.639228
C1=CC(=C(C=C1)C(=O)OC(F)(F)F)C(F)(F)F,0.850229,0.97871,1.402091,0.634616
C1=CC(=C(C=C1)C(=O)OC(F)(F)F)C(F)(F)C(F)(F)F,0.905374,0.937973,1.381056,0.705601
C1=CC(=C(C=C1)C(=O)OC(F)(F)F)C(F)(F)C(F)(F)F,0.898527,1.014282,1.449387,0.685817
C1=CC(=C(C=C1)C(=O)OC(F)(F)F)C(F)(F)C(F)(F)C(F)(F)F,0.909653,1.038222,1.487244,0.651081
C1=CC(=C(C=C1)C(=O)OC(F)(F)F)C(F)(F)C(F)(F)C(F)(F)C(F)(F)F,0.970413,1.014871,1.551458,0.72363
C1=CC(=C(C=C1)C(=O)OC(F)(F)F)C(F)(F)C(F)(F)C(F)(F)C(F)(F)F,0.962801,1.149135,1.583274,0.750719
C1=CC(=C(C=C1)C(=O)OC(F)(F)F)C(F)(F)C(F)(F)C(F)(F)C(F)(F)C(F)(F)F,0.857956,1.036021,1.468759,0.701305
C1=CC(=C(C=C1)C(F)(F)F)C(F)(F)C(F)(F)C(F)(F)C(F)(F)F,0.975883,1.063713,1.463066,0.662231
C1=CC(=C(C=C1)C(F)(F)F)C(F)(F)C(F)(F)C(F)(F)F,0.919424,1.029667,1.378578,0.632416
C1=CC(=C(C=C1)C(F)(F)C(F)(F)F)C(F)(F)C(F)(F)C(F)(F)F,0.901206,1.152682,1.406257,0.831619
C1=CC(=C(C=C1)C(F)(F)C(F)(F)C(F)(F)F)C(F)(F)F,0.974666,1.109242,1.381822,0.735015
C1=CC(=C(C=C1)C(F)(F)C(F)(F)C(F)(F)C(F)(F)F)C(F)(F)F,0.921218,1.1061,1.581731,0.695197
C1=CC(=C(C=C1)C(F)(F)C(F)(F)C(F)(F)C(F)(F)C(F)(F)F)C(F)(F)F,1.007464,1.064841,1.481521,0.78854
C1=CC(=C(C=C1)C(F)(F)C(F)(F)C(F)(F)C(F)(F)C(F)(F)F)C(F)(F)F,0.918652,1.190622,1.518658,0.671877
C1=CC(=C(C=C1)C(F)(F)C(F)(F)C(F)(F)C(F)(F)C(F)(F)C(F)(F)F)C(F)(F)F,0.98162,1.148628,1.53109,0.621489
C1=CC(=C(C=C1)C(F)(F)C(F)(F)C(F)(F)C(F)(F)C(F)(F)C(F)(F)C(F)(F)F)C(F)(F)F,0.913643,1.087624,1.496278,0.731034
C1=CC(=C(C=C1)C(F)(F)C(F)(F)C(F)(F)C(F)(F)C(F)(F)C(F)(F)C(F)(F)C(F)(F)F)C(F)(F)F,0.958885,1.033233,1.51901,0.730529
CC(=O)OC1=CC(=O)O1,0.47799,0.523257,1.334281,0.324621
C1CC(=O)OC1,0.553464,0.55747,1.260251,0.407188
COC(=O)C1=CC=CC=C1,0.712535,0.739962,1.275541,0.585116
COC(=O)OC,0.513368,0.626723,1.272436,0.37438
CC(=O)OC,0.592358,0.601458,1.236371,0.365044
C1CCC(=O)OC1,0.566455,0.660948,1.269382,0.396273
COC(=O)CN(C)C,0.541848,0.506189,1.215786,0.322193
CC1=CC=CC=C1C(=O)OC,0.788836,0.833787,1.391845,0.467162
OC1CCOC1,0.486381,0.588464,1.241414,0.39041
C1COCCO1,0.531412,0.711335,1.323525,0.37693
CC(C)OC(=O)C,0.585457,0.771561,1.349474,0.408731
COC(=O)C(C)C,0.575323,0.671693,1.196147,0.380391
CCC(=O)OC,0.526445,0.62476,1.249336,0.423275
CC(C)C(=O)OC,0.673857,0.635864,1.312586,0.415625
C1CCC(C)OO1,0.641499,0.774309,1.206629,0.479214
COC(=O)C1CC1,0.584975,0.687772,1.265528,0.534329
C1CCOC1,0.634167,0.739412,1.187143,0.441574
CCOC(=O)C,0.544783,0.722601,1.322095,0.383027
C=CC(=O)OC,0.517114,0.666113,1.212259,0.429771
CC(C)OC,0.695752,0.71266,1.307895,0.573806
C1CCC1,0.744193,0.871672,1.242313,0.560347
CC1=CC=CC=C1O,0.764537,0.941861,1.334144,0.516662
COC1=CC=C(C=C1)C(=O)OC,0.573897,0.702746,1.350766,0.582121
CC(C)(C)OC(=O)C,0.613059,0.74597,1.289179,0.5177
C1=CC=C(C=C1)C(F)(F)F,1.052779,1.038853,1.300798,0.744532
C1=CC=C(C=C1)C(F)(F)F,0.960527,1.157732,1.354466,0.674359
C1=CC=C(C=C1)C(F)(F)F,0.955965,1.120832,1.366294,0.717688
C1=CC=C(C=C1)C(F)(F)C(F)(F)F,1.003334,1.158465,1.419476,0.732435
C1=CC=C(C=C1)C(F)(F)C(F)(F)F,0.941644,1.107336,1.410694,0.659153
FC(F)(F)C(F)(F)C(F)(F)C(F)(F)F,0.938962,1.03894,1.320517,0.716819
C1=CC=C(C=C1)C(=O)OC(F)(F)F,0.779711,0.888001,1.306101,0.623171
C1=CC(=C(C=C1)C(=O)OC)C(F)(F)F,0.805591,0.997477,1.360383,0.59502
C1=CC(=C(C=C1)C(=O)OC(F)(F)F)C(F)(F)F,0.856986,1.050067,1.415507,0.651414
C1=CC(=C(C=C1)C(=O)OC(F)(F)F)C(F)(F)C(F)(F)F,0.920379,1.032812,1.426143,0.678142
C1=CC(=C(C=C1)C(=O)OC(F)(F)F)C(F)(F)C(F)(F)F,0.943666,0.972156,1.455113,0.633432
C1=CC(=C(C=C1)C(=O)OC(F)(F)F)C(F)(F)C(F)(F)C(F)(F)F,0.996394,1.000978,1.449506,0.718861
C1=CC(=C(C=C1)C(=O)OC(F)(F)F)C(F)(F)C(F)(F)C(F)(F)C(F)(F)F,1.028276,1.096712,1.47224,0.794058
C1=CC(=C(C=C1)C(=O)OC(F)(F)F)C(F)(F)C(F)(F)C(F)(F)C(F)(F)F,0.877599,0.99006,1.522001,0.674897
C1=CC(=C(C=C1)C(=O)OC(F)(F)F)C(F)(F)C(F)(F)C(F)(F)C(F)(F)C(F)(F)F,0.898938,1.135418,1.51219,0.671796
C1=CC(=C(C=C1)C(F)(F)F)C(F)(F)C(F)(F)C(F)(F)C(F)(F)F,0.885985,1.143623,1.486237,0.695041
C1=CC(=C(C=C1)C(F)(F)F)C(F)(F)C(F)(F)C(F)(F)F,1.042332,1.046496,1.348464,0.665405
C1=CC(=C(C=C1)C(F)(F)C(F)(F)F)C(F)(F)C(F)(F)C(F)(F)F,0.947721,1.112167,1.441665,0.717603
C1=CC(=C(C=C1)C(F)(F)C(F)(F)C(F)(F)F)C(F)(F)F,0.887423,1.172188,1.420632,0.755865
C1=CC(=C(C=C1)C(F)(F)C(F)(F)C(F)(F)C(F)(F)F)C(F)(F)F,0.967136,1.122838,1.482216,0.722385
C1=CC(=C(C=C1)C(F)(F)C(F)(F)C(F)(F)C(F)(F)C(F)(F)F)C(F)(F)F,0.982136,1.166458,1.493096,0.73545
C1=CC(=C(C=C1)C(F)(F)C(F)(F)C(F)(F)C(F)(F)C(F)(F)F)C(F)(F)F,0.945513,1.172006,1.44945,0.790047
C1=CC(=C(C=C1)C(F)(F)C(F)(F)C(F)(F)C(F)(F)C(F)(F)C(F)(F)F)C(F)(F)F,0.947992,1.028461,1.506405,0.665947
C1=CC(=C(C=C1)C(F)(F)C(F)(F)C(F)(F)C(F)(F)C(F)(F)C(F)(F)C(F)(F)F)C(F)(F)F,0.992032,1.067369,1.477691,0.605523
C1=CC(=C(C=C1)C(F)(F)C(F)(F)C(F)(F)C(F)(F)C(F)(F)C(F)(F)C(F)(F)C(F)(F)F)C(F)(F)F,0.927385,0.978806,1.420805,0.738021
CC(=O)OC1=CC(=O)O1,0.48929,0.490491,1.244236,0.299276
C1CC(=O)OC1,0.556792,0.5826,1.31394,0.440672
COC(=O)C1=CC=CC=C1,0.687908,0.805144,1.340012,0.430372
COC(=O)OC,0.502987,0.558549,1.220939,0.358837
CC(=O)OC,0.635328,0.659303,1.203006,0.416787
C1CCC(=O)OC1,0.658148,0.722639,1.261257,0.387863
COC(=O)CN(C)C,0.513971,0.570593,1.26989,0.375939
CC1=CC=CC=C1C(=O)OC,0.768964,0.797198,1.406122,0.55132
OC1CCOC1,0.576791,0.509523,1.324098,0.347032
C1COCCO1,0.524705,0.616673,1.192563,0.41628
CC(C)OC(=O)C,0.633874,0.670207,1.269277,0.541988
COC(=O)C(C)C,0.682709,0.707598,1.26527,0.432326
CCC(=O)OC,0.607328,0.61201,1.238201,0.328135
CC(C)C(=O)OC,0.616293,0.718142,1.239211,0.505023
C1CCC(C)OO1,0.582684,0.667349,1.273988,0.512449
COC(=O)C1CC1,0.660848,0.640206,1.305004,0.409639
C1CCOC1,0.657423,0.810145,1.250916,0.390528
CCOC(=O)C,0.650479,0.732154,1.219792,0.431354
C=CC(=O)OC,0.583434,0.655575,1.212355,0.364543
CC(C)OC,0.684328,0.847083,1.2577,0.465481
C1CCC1,0.813417,0.74863,1.285458,0.456638
CC1=CC=CC=C1O,0.713488,0.785368,1.278257,0.614619
COC1=CC=C(C=C1)C(=O)OC,0.619478,0.756618,1.350077,0.516245
CC(C)(C)OC(=O)C,0.642781,0.670631,1.339813,0.433592
C1=CC=C(C=C1)C(F)(F)F,0.848603,1.043991,1.400308,0.734835
C1=CC=C(C=C1)C(F)(F)F,0.908999,1.047934,1.309188,0.796161
C1=CC=C(C=C1)C(F)(F)F,0.945529,1.086899,1.376784,0.704263
C1=CC=C(C=C1)C(F)(F)C(F)(F)F,0.937048,1.090183,1.346788,0.698139
C1=CC=C(C=C1)C(F)(F)C(F)(F)F,0.986381,1.102597,1.387,0.695964
FC(F)(F)C(F)(F)C(F)(F)C(F)(F)F,0.92446,0.958697,1.364896,0.67022
C1=CC=C(C=C1)C(=O)OC(F)(F)F,0.820057,0.740867,1.478512,0.578879
C1=CC(=C(C=C1)C(=O)OC)C(F)(F)F,0.828726,0.837319,1.40641,0.531392
C1=CC(=C(C=C1)C(=O)OC(F)(F)F)C(F)(F)F,0.813329,1.066896,1.410737,0.648335
C1=CC(=C(C=C1)C(=O)OC(F)(F)F)C(F)(F)C(F)(F)F,0.933487,1.048266,1.455986,0.686686
C1=CC(=C(C=C1)C(=O)OC(F)(F)F)C(F)(F)C(F)(F)F,1.010155,1.020601,1.45852,0.720971
C1=CC(=C(C=C1)C(=O)OC(F)(F)F)C(F)(F)C(F)(F)C(F)(F)F,0.991918,1.136489,1.509389,0.64285
C1=CC(=C(C=C1)C(=O)OC(F)(F)F)C(F)(F)C(F)(F)C(F)(F)C(F)(F)F,1.031672,1.042683,1.515132,0.662286
C1=CC(=C(C=C1)C(=O)OC(F)(F)F)C(F)(F)C(F)(F)C(F)(F)C(F)(F)F,0.946793,1.116438,1.516068,0.721096
C1=CC(=C(C=C1)C(=O)OC(F)(F)F)C(F)(F)C(F)(F)C(F)(F)C(F)(F)C(F)(F)F,1.030686,1.122677,1.487792,0.748204
C1=CC(=C(C=C1)C(F)(F)F)C(F)(F)C(F)(F)C(F)(F)C(F)(F)F,1.009474,1.03862,1.483597,0.735059
C1=CC(=C(C=C1)C(F)(F)F)C(F)(F)C(F)(F)C(F)(F)F,0.935122,1.168785,1.417237,0.706279
C1=CC(=C(C=C1)C(F)(F)C(F)(F)F)C(F)(F)C(F)(F)C(F)(F)F,0.941346,1.100779,1.398913,0.627997
C1=CC(=C(C=C1)C(F)(F)C(F)(F)C(F)(F)F)C(F)(F)F,1.029725,1.057652,1.37517,0.59233
C1=CC(=C(C=C1)C(F)(F)C(F)(F)C(F)(F)C(F)(F)F)C(F)(F)F,0.918052,1.033846,1.535828,0.750491
C1=CC(=C(C=C1)C(F)(F)C(F)(F)C(F)(F)C(F)(F)C(F)(F)F)C(F)(F)F,0.915592,1.212622,1.532358,0.683758
C1=CC(=C(C=C1)C(F)(F)C(F)(F)C(F)(F)C(F)(F)C(F)(F)F)C(F)(F)F,0.82503,1.214547,1.413791,0.61773
C1=CC(=C(C=C1)C(F)(F)C(F)(F)C(F)(F)C(F)(F)C(F)(F)C(F)(F)F)C(F)(F)F,1.001129,1.221988,1.569214,0.728195
C1=CC(=C(C=C1)C(F)(F)C(F)(F)C(F)(F)C(F)(F)C(F)(F)C(F)(F)C(F)(F)F)C(F)(F)F,0.979738,1.142671,1.537946,0.71406
C1=CC(=C(C=C1)C(F)(F)C(F)(F)C(F)(F)C(F)(F)C(F)(F)C(F)(F)C(F)(F)C(F)(F)F)C(F)(F)F,0.95521,1.09687,1.462302,0.685966
CC(=O)OC1=CC(=O)O1,0.365352,0.464301,1.243155,0.246483
C1CC(=O)OC1,0.565967,0.710118,1.284686,0.318279
COC(=O)C1=CC=CC=C1,0.649475,0.850838,1.280469,0.521227
COC(=O)OC,0.542849,0.544231,1.276289,0.306191
CC(=O)OC,0.515376,0.64325,1.151915,0.410182
C1CCC(=O)OC1,0.587198,0.704031,1.269471,0.488417
COC(=O)CN(C)C,0.485321,0.529449,1.231245,0.371345
CC1=CC=CC=C1C(=O)OC,0.71893,0.825989,1.305153,0.508295
OC1CCOC1,0.402898,0.631461,1.175107,0.302491
C1COCCO1,0.521356,0.685614,1.193833,0.457459
CC(C)OC(=O)C,0.574057,0.712842,1.228728,0.542131
COC(=O)C(C)C,0.536952,0.701273,1.295059,0.447014
CCC(=O)OC,0.567388,0.656659,1.253261,0.404214
CC(C)C(=O)OC,0.644526,0.796308,1.235495,0.357834
C1CCC(C)OO1,0.639558,0.869553,1.222581,0.54205
COC(=O)C1CC1,0.660537,0.63547,1.279519,0.492984
C1CCOC1,0.647098,0.755783,1.189216,0.41861
CCOC(=O)C,0.544188,0.601953,1.252774,0.373065
C=CC(=O)OC,0.570421,0.564747,1.256414,0.4398
CC(C)OC,0.585919,0.80715,1.291903,0.42353
C1CCC1,0.858461,0.912008,1.192769,0.540836
CC1=CC=CC=C1O,0.759526,0.845151,1.369929,0.510544
COC1=CC=C(C=C1)C(=O)OC,0.651331,0.668607,1.346861,0.447198
CC(C)(C)OC(=O)C,0.602164,0.796586,1.344566,0.488737
C1=CC=C(C=C1)C(F)(F)F,0.871816,1.049576,1.385925,0.69941
C1=CC=C(C=C1)C(F)(F)F,1.042398,1.085063,1.334872,0.676868
C1=CC=C(C=C1)C(F)(F)F,0.933109,1.057773,1.360675,0.740159
C1=CC=C(C=C1)C(F)(F)C(F)(F)F,0.910701,1.033438,1.258558,0.7254
C1=CC=C(C=C1)C(F)(F)C(F)(F)F,0.894832,0.992355,1.369797,0.82465
FC(F)(F)C(F)(F)C(F)(F)C(F)(F)F,0.920224,1.100532,1.323171,0.647952
C1=CC=C(C=C1)C(=O)OC(F)(F)F,0.81611,0.871166,1.387463,0.601944
C1=CC(=C(C=C1)C(=O)OC)C(F)(F)F,0.739913,0.938917,1.367023,0.546276
C1=CC(=C(C=C1)C(=O)OC(F)(F)F)C(F)(F)F,0.871343,0.926271,1.42168,0.637007
C1=CC(=C(C=C1)C(=O)OC(F)(F)F)C(F)(F)C(F)(F)F,0.944279,1.047217,1.447214,0.709326
C1=CC(=C(C=C1)C(=O)OC(F)(F)F)C(F)(F)C(F)(F)F,0.959494,1.051372,1.448983,0.602846
C1=CC(=C(C=C1)C(=O)OC(F)(F)F)C(F)(F)C(F)(F)C(F)(F)F,0.883386,1.061876,1.446977,0.690651
C1=CC(=C(C=C1)C(=O)OC(F)(F)F)C(F)(F)C(F)(F)C(F)(F)C(F)(F)F,0.952832,1.126485,1.496475,0.724325
C1=CC(=C(C=C1)C(=O)OC(F)(F)F)C(F)(F)C(F)(F)C(F)(F)C(F)(F)F,0.953224,1.001227,1.453033,0.692796
C1=CC(=C(C=C1)C(=O)OC(F)(F)F)C(F)(F)C(F)(F)C(F)(F)C(F)(F)C(F)(F)F,0.889515,1.129996,1.576538,0.760938
C1=CC(=C(C=C1)C(F)(F)F)C(F)(F)C(F)(F)C(F)(F)C(F)(F)F,0.939328,1.174536,1.461161,0.683146
C1=CC(=C(C=C1)C(F)(F)F)C(F)(F)C(F)(F)C(F)(F)F,0.91933,1.084877,1.405331,0.708521
C1=CC(=C(C=C1)C(F)(F)C(F)(F)F)C(F)(F)C(F)(F)C(F)(F)F,0.958029,1.100152,1.475574,0.759532
C1=CC(=C(C=C1)C(F)(F)C(F)(F)C(F)(F)F)C(F)(F)F,0.997478,1.025755,1.297044,0.746716
C1=CC(=C(C=C1)C(F)(F)C(F)(F)C(F)(F)C(F)(F)F)C(F)(F)F,0.881656,1.088762,1.395222,0.609901
C1=CC(=C(C=C1)C(F)(F)C(F)(F)C(F)(F)C(F)(F)C(F)(F)F)C(F)(F)F,0.977073,1.137958,1.454444,0.570448
C1=CC(=C(C=C1)C(F)(F)C(F)(F)C(F)(F)C(F)(F)C(F)(F)F)C(F)(F)F,0.922688,1.11959,1.409324,0.709168
C1=CC(=C(C=C1)C(F)(F)C(F)(F)C(F)(F)C(F)(F)C(F)(F)C(F)(F)F)C(F)(F)F,0.949235,1.128965,1.505979,0.651347
C1=CC(=C(C=C1)C(F)(F)C(F)(F)C(F)(F)C(F)(F)C(F)(F)C(F)(F)C(F)(F)F)C(F)(F)F,1.009829,1.092074,1.498635,0.653337
C1=CC(=C(C=C1)C(F)(F)C(F)(F)C(F)(F)C(F)(F)C(F)(F)C(F)(F)C(F)(F)C(F)(F)F)C(F)(F)F,0.927836,1.05576,1.491353,0.785585
CC(=O)OC1=CC(=O)O1,0.381405,0.38854,1.366144,0.291196
C1CC(=O)OC1,0.523518,0.692513,1.208489,0.488104
COC(=O)C1=CC=CC=C1,0.732852,0.779404,1.437459,0.502173
COC(=O)OC,0.552451,0.607613,1.336107,0.450968
CC(=O)OC,0.547044,0.58959,1.254564,0.354272
C1CCC(=O)OC1,0.688849,0.683234,1.240009,0.429444
COC(=O)CN(C)C,0.411704,0.502338,1.285151,0.311335
CC1=CC=CC=C1C(=O)OC,0.664141,0.850792,1.399538,0.577388
OC1CCOC1,0.52283,0.506142,1.166209,0.412203
C1COCCO1,0.541142,0.628326,1.27499,0.422884
CC(C)OC(=O)C,0.630526,0.807142,1.238319,0.481266
COC(=O)C(C)C,0.599183,0.699211,1.339793,0.451716
CCC(=O)OC,0.603567,0.716775,1.232822,0.369604
CC(C)C(=O)OC,0.544092,0.587464,1.36618,0.371164
C1CCC(C)OO1,0.632909,0.726727,1.278135,0.500881
COC(=O)C1CC1,0.619676,0.633996,1.242714,0.425693
C1CCOC1,0.653619,0.846329,1.242849,0.506092
CCOC(=O)C,0.609796,0.721823,1.260121,0.346722
C=CC(=O)OC,0.578716,0.609974,1.213439,0.427442
CC(C)OC,0.74752,0.78951,1.245962,0.569123
C1CCC1,0.78687,1.021141,1.256295,0.455586
CC1=CC=CC=C1O,0.769277,0.860409,1.407479,0.590236
COC1=CC=C(C=C1)C(=O)OC,0.63594,0.678078,1.341972,0.449867
CC(C)(C)OC(=O)C,0.609914,0.76421,1.373495,0.478014
C1=CC=C(C=C1)C(F)(F)F,0.866638,1.087627,1.385102,0.661835
C1=CC=C(C=C1)C(F)(F)F,0.919731,1.066131,1.286025,0.724738
C1=CC=C(C=C1)C(F)(F)F,0.920385,1.086373,1.280895,0.670451
C1=CC=C(C=C1)C(F)(F)C(F)(F)F,0.986119,1.081358,1.436717,0.680018
C1=CC=C(C=C1)C(F)(F)C(F)(F)F,0.961234,1.14663,1.27945,0.61196
FC(F)(F)C(F)(F)C(F)(F)C(F)(F)F,0.844245,1.121736,1.291487,0.780806
C1=CC=C(C=C1)C(=O)OC(F)(F)F,0.741944,0.894907,1.451199,0.686163
C1=CC(=C(C=C1)C(=O)OC)C(F)(F)F,0.876392,0.949733,1.426975,0.613689
C1=CC(=C(C=C1)C(=O)OC(F)(F)F)C(F)(F)F,0.883435,0.943635,1.379361,0.637294
C1=CC(=C(C=C1)C(=O)OC(F)(F)F)C(F)(F)C(F)(F)F,0.881475,1.00082,1.483284,0.716203
C1=CC(=C(C=C1)C(=O)OC(F)(F)F)C(F)(F)C(F)(F)F,0.894404,1.097358,1.391381,0.658755
C1=CC(=C(C=C1)C(=O)OC(F)(F)F)C(F)(F)C(F)(F)C(F)(F)F,0.9008,0.983811,1.473318,0.693913
C1=CC(=C(C=C1)C(=O)OC(F)(F)F)C(F)(F)C(F)(F)C(F)(F)C(F)(F)F,1.025672,1.131541,1.448791,0.792705
C1=CC(=C(C=C1)C(=O)OC(F)(F)F)C(F)(F)C(F)(F)C(F)(F)C(F)(F)F,1.011052,1.129105,1.488676,0.652028
C1=CC(=C(C=C1)C(=O)OC(F)(F)F)C(F)(F)C(F)(F)C(F)(F)C(F)(F)C(F)(F)F,0.93139,1.154437,1.594229,0.777162
C1=CC(=C(C=C1)C(F)(F)F)C(F)(F)C(F)(F)C(F)(F)C(F)(F)F,0.925558,1.044019,1.460772,0.611578
C1=CC(=C(C=C1)C(F)(F)F)C(F)(F)C(F)(F)C(F)(F)F,0.966158,1.09262,1.401438,0.620265
C1=CC(=C(C=C1)C(F)(F)C(F)(F)F)C(F)(F)C(F)(F)C(F)(F)F,0.97568,1.073365,1.395231,0.556387
C1=CC(=C(C=C1)C(F)(F)C(F)(F)C(F)(F)F)C(F)(F)F,0.948624,1.188613,1.507803,0.677145
C1=CC(=C(C=C1)C(F)(F)C(F)(F)C(F)(F)C(F)(F)F)C(F)(F)F,0.919889,1.123439,1.403808,0.71509
C1=CC(=C(C=C1)C(F)(F)C(F)(F)C(F)(F)C(F)(F)C(F)(F)F)C(F)(F)F,0.988304,1.161347,1.478262,0.689816
C1=CC(=C(C=C1)C(F)(F)C(F)(F)C(F)(F)C(F)(F)C(F)(F)F)C(F)(F)F,0.906101,1.058656,1.471946,0.718368
C1=CC(=C(C=C1)C(F)(F)C(F)(F)C(F)(F)C(F)(F)C(F)(F)C(F)(F)F)C(F)(F)F,0.995679,1.059841,1.574634,0.686444
C1=CC(=C(C=C1)C(F)(F)C(F)(F)C(F)(F)C(F)(F)C(F)(F)C(F)(F)C(F)(F)F)C(F)(F)F,0.948932,1.062639,1.378788,0.744202
C1=CC(=C(C=C1)C(F)(F)C(F)(F)C(F)(F)C(F)(F)C(F)(F)C(F)(F)C(F)(F)C(F)(F)F)C(F)(F)F,0.986842,1.085934,1.50335,0.725797
CC(=O)OC1=CC(=O)O1,0.371873,0.442766,1.332298,0.238948
C1CC(=O)OC1,0.57165,0.572689,1.262091,0.395022
COC(=O)C1=CC=CC=C1,0.618199,0.862036,1.292864,0.491946
COC(=O)OC,0.525374,0.65008,1.220229,0.375976
CC(=O)OC,0.566885,0.661916,1.240387,0.369807
C1CCC(=O)OC1,0.5468,0.680714,1.204668,0.274142
COC(=O)CN(C)C,0.500888,0.596116,1.106983,0.293693
CC1=CC=CC=C1C(=O)OC,0.747444,0.926835,1.341292,0.50504
OC1CCOC1,0.463883,0.612726,1.205002,0.297176
C1COCCO1,0.533139,0.593201,1.214714,0.476306
CC(C)OC(=O)C,0.623886,0.686274,1.255904,0.356714
COC(=O)C(C)C,0.640487,0.68189,1.254346,0.585979
CCC(=O)OC,0.59159,0.62556,1.229752,0.468986
CC(C)C(=O)OC,0.601996,0.613868,1.309331,0.392917
C1CCC(C)OO1,0.737637,0.79457,1.240399,0.524145
COC(=O)C1CC1,0.580045,0.705788,1.275307,0.369246
C1CCOC1,0.633877,0.81746,1.201561,0.449166
CCOC(=O)C,0.528896,0.68433,1.354196,0.358187
C=CC(=O)OC,0.559943,0.713153,1.235888,0.420743
CC(C)OC,0.632486,0.809862,1.221163,0.533298
C1CCC1,0.834201,1.020535,1.257002,0.559914
CC1=CC=CC=C1O,0.741329,0.823693,1.359915,0.541807
COC1=CC=C(C=C1)C(=O)OC,0.651286,0.805172,1.302096,0.549387
CC(C)(C)OC(=O)C,0.704796,0.728878,1.183907,0.427889
C1=CC=C(C=C1)C(F)(F)F,0.991282,1.064253,1.275305,0.667085
C1=CC=C(C=C1)C(F)(F)F,0.968463,1.092733,1.313323,0.673983
C1=CC=C(C=C1)C(F)(F)F,0.906844,1.019276,1.406039,0.676208
C1=CC=C(C=C1)C(F)(F)C(F)(F)F,1.010858,1.176066,1.400284,0.678419
C1=CC=C(C=C1)C(F)(F)C(F)(F)F,0.970187,1.09879,1.305183,0.716218
FC(F)(F)C(F)(F)C(F)(F)C(F)(F)F,0.861576,1.117991,1.295849,0.662954
C1=CC=C(C=C1)C(=O)OC(F)(F)F,0.78432,0.872734,1.403428,0.562113
C1=CC(=C(C=C1)C(=O)OC)C(F)(F)F,0.816882,0.822016,1.38209,0.681009
C1=CC(=C(C=C1)C(=O)OC(F)(F)F)C(F)(F)F,0.794501,0.937307,1.445967,0.646442
C1=CC(=C(C=C1)C(=O)OC(F)(F)F)C(F)(F)C(F)(F)F,0.907516,1.047941,1.480201,0.723923
C1=CC(=C(C=C1)C(=O)OC(F)(F)F)C(F)(F)C(F)(F)F,0.910475,1.011419,1.482094,0.763432
C1=CC(=C(C=C1)C(=O)OC(F)(F)F)C(F)(F)C(F)(F)C(F)(F)F,0.93001,1.028411,1.532806,0.693981
C1=CC(=C(C=C1)C(=O)OC(F)(F)F)C(F)(F)C(F)(F)C(F)(F)C(F)(F)F,0.841367,1.142371,1.473234,0.695473
C1=CC(=C(C=C1)C(=O)OC(F)(F)F)C(F)(F)C(F)(F)C(F)(F)C(F)(F)F,0.966599,1.109525,1.535473,0.678226
C1=CC(=C(C=C1)C(=O)OC(F)(F)F)C(F)(F)C(F)(F)C(F)(F)C(F)(F)C(F)(F)F,0.975655,1.087023,1.536941,0.730768
C1=CC(=C(C=C1)C(F)(F)F)C(F)(F)C(F)(F)C(F)(F)C(F)(F)F,0.903228,1.154299,1.426929,0.740403
C1=CC(=C(C=C1)C(F)(F)F)C(F)(F)C(F)(F)C(F)(F)F,0.968364,1.191909,1.413567,0.682534
C1=CC(=C(C=C1)C(F)(F)C(F)(F)F)C(F)(F)C(F)(F)C(F)(F)F,0.949029,1.084841,1.493724,0.619184
C1=CC(=C(C=C1)C(F)(F)C(F)(F)C(F)(F)F)C(F)(F)F,0.897316,1.04661,1.472255,0.785531
C1=CC(=C(C=C1)C(F)(F)C(F)(F)C(F)(F)C(F)(F)F)C(F)(F)F,0.944778,1.091559,1.45723,0.758094
C1=CC(=C(C=C1)C(F)(F)C(F)(F)C(F)(F)C(F)(F)C(F)(F)F)C(F)(F)F,0.903632,1.111918,1.53203,0.725055
C1=CC(=C(C=C1)C(F)(F)C(F)(F)C(F)(F)C(F)(F)C(F)(F)F)C(F)(F)F,0.959479,1.150052,1.348108,0.733894
C1=CC(=C(C=C1)C(F)(F)C(F)(F)C(F)(F)C(F)(F)C(F)(F)C(F)(F)F)C(F)(F)F,0.917296,1.008468,1.52556,0.768683
C1=CC(=C(C=C1)C(F)(F)C(F)(F)C(F)(F)C(F)(F)C(F)(F)C(F)(F)C(F)(F)F)C(F)(F)F,0.943128,1.147644,1.580614,0.765746
C1=CC(=C(C=C1)C(F)(F)C(F)(F)C(F)(F)C(F)(F)C(F)(F)C(F)(F)C(F)(F)C(F)(F)F)C(F)(F)F,1.031998,1.137106,1.503772,0.619902
CC(=O)OC1=CC(=O)O1,0.437697,0.427056,1.401132,0.292868
C1CC(=O)OC1,0.563132,0.668092,1.24095,0.481557
COC(=O)C1=CC=CC=C1,0.667824,0.81353,1.29247,0.466458
COC(=O)OC,0.484758,0.590796,1.249555,0.338271
CC(=O)OC,0.475128,0.623105,1.156329,0.426161
C1CCC(=O)OC1,0.592302,0.603529,1.242815,0.382602
COC(=O)CN(C)C,0.495019,0.617942,1.131371,0.349931
CC1=CC=CC=C1C(=O)OC,0.70848,0.857527,1.350912,0.503842
OC1CCOC1,0.457075,0.504181,1.2911,0.338202
C1COCCO1,0.652336,0.637834,1.17316,0.319386
CC(C)OC(=O)C,0.517575,0.619685,1.283851,0.46031
COC(=O)C(C)C,0.517272,0.730534,1.239217,0.433664
CCC(=O)OC,0.657263,0.707992,1.237643,0.367004
CC(C)C(=O)OC,0.488741,0.649824,1.252813,0.376965
C1CCC(C)OO1,0.637409,0.74441,1.251522,0.427594
COC(=O)C1CC1,0.585085,0.685247,1.19655,0.482111
C1CCOC1,0.661125,0.766905,1.253711,0.481009
CCOC(=O)C,0.624309,0.677506,1.220448,0.429639
C=CC(=O)OC,0.501546,0.64797,1.238209,0.387718
CC(C)OC,0.679179,0.694354,1.203084,0.488654
C1CCC1,0.782825,0.839673,1.291305,0.500315
CC1=CC=CC=C1O,0.780082,0.862711,1.31068,0.645343
COC1=CC=C(C=C1)C(=O)OC,0.583181,0.78525,1.402452,0.458862
CC(C)(C)OC(=O)C,0.708563,0.722279,1.304435,0.471296
C1=CC=C(C=C1)C(F)(F)F,0.919717,1.105937,1.364944,0.604897
C1=CC=C(C=C1)C(F)(F)F,0.991649,0.982272,1.376897,0.748659
C1=CC=C(C=C1)C(F)(F)F,0.871884,1.044856,1.269985,0.681578
C1=CC=C(C=C1)C(F)(F)C(F)(F)F,0.934598,1.138983,1.415884,0.769784
C1=CC=C(C=C1)C(F)(F)C(F)(F)F,0.921892,1.089539,1.266196,0.659706
FC(F)(F)C(F)(F)C(F)(F)C(F)(F)F,0.968771,1.139386,1.257363,0.623273
C1=CC=C(C=C1)C(=O)OC(F)(F)F,0.768836,0.899687,1.333613,0.607062
C1=CC(=C(C=C1)C(=O)OC)C(F)(F)F,0.749625,0.888592,1.403086,0.584384
C1=CC(=C(C=C1)C(=O)OC(F)(F)F)C(F)(F)F,0.822698,0.965714,1.415853,0.618962
C1=CC(=C(C=C1)C(=O)OC(F)(F)F)C(F)(F)C(F)(F)F,0.877044,1.103414,1.476511,0.653664
C1=CC(=C(C=C1)C(=O)OC(F)(F)F)C(F)(F)C(F)(F)F,0.924832,1.006791,1.507121,0.68692
C1=CC(=C(C=C1)C(=O)OC(F)(F)F)C(F)(F)C(F)(F)C(F)(F)F,0.931276,1.099523,1.398908,0.643662
C1=CC(=C(C=C1)C(=O)OC(F)(F)F)C(F)(F)C(F)(F)C(F)(F)C(F)(F)F,0.890304,1.107147,1.586626,0.811565
C1=CC(=C(C=C1)C(=O)OC(F)(F)F)C(F)(F)C(F)(F)C(F)(F)C(F)(F)F,0.981903,1.125042,1.409947,0.672866
C1=CC(=C(C=C1)C(=O)OC(F)(F)F)C(F)(F)C(F)(F)C(F)(F)C(F)(F)C(F)(F)F,0.910611,1.068958,1.491593,0.676395
C1=CC(=C(C=C1)C(F)(F)F)C(F)(F)C(F)(F)C(F)(F)C(F)(F)F,0.851035,1.137396,1.40009,0.711962
C1=CC(=C(C=C1)C(F)(F)F)C(F)(F)C(F)(F)C(F)(F)F,1.053704,1.054031,1.298226,0.6857
C1=CC(=C(C=C1)C(F)(F)C(F)(F)F)C(F)(F)C(F)(F)C(F)(F)F,1.005048,1.197917,1.39225,0.724835
C1=CC(=C(C=C1)C(F)(F)C(F)(F)C(F)(F)F)C(F)(F)F,0.926734,1.094703,1.556957,0.624851
C1=CC(=C(C=C1)C(F)(F)C(F)(F)C(F)(F)C(F)(F)F)C(F)(F)F,0.962687,1.123385,1.508017,0.704899
C1=CC(=C(C=C1)C(F)(F)C(F)(F)C(F)(F)C(F)(F)C(F)(F)F)C(F)(F)F,0.965403,1.080418,1.496726,0.68284
C1=CC(=C(C=C1)C(F)(F)C(F)(F)C(F)(F)C(F)(F)C(F)(F)F)C(F)(F)F,0.981079,1.081519,1.502125,0.698537
C1=CC(=C(C=C1)C(F)(F)C(F)(F)C(F)(F)C(F)(F)C(F)(F)C(F)(F)F)C(F)(F)F,1.006303,1.09743,1.411348,0.763096
C1=CC(=C(C=C1)C(F)(F)C(F)(F)C(F)(F)C(F)(F)C(F)(F)C(F)(F)C(F)(F)F)C(F)(F)F,0.904713,1.067312,1.470217,0.768722
C1=CC(=C(C=C1)C(F)(F)C(F)(F)C(F)(F)C(F)(F)C(F)(F)C(F)(F)C(F)(F)C(F)(F)F)C(F)(F)F,0.843216,1.256887,1.552803,0.711162
CC(=O)OC1=CC(=O)O1,0.447255,0.483496,1.318641,0.333923
C1CC(=O)OC1,0.584752,0.644997,1.228903,0.38924
COC(=O)C1=CC=CC=C1,0.689211,0.860488,1.359271,0.385439
COC(=O)OC,0.548141,0.602385,1.270085,0.353466
CC(=O)OC,0.60165,0.674637,1.192921,0.408511
C1CCC(=O)OC1,0.539597,0.607426,1.226939,0.46333
COC(=O)CN(C)C,0.526716,0.576573,1.261385,0.369989
CC1=CC=CC=C1C(=O)OC,0.684413,0.845556,1.380273,0.579155
OC1CCOC1,0.532474,0.579397,1.254872,0.390644
C1COCCO1,0.55595,0.596774,1.200427,0.357827
